-- USERS tabla feltoltese
INSERT INTO USERS (USER_ID, USER_NAME, USER_PASSWORD, USER_ROLE)
	values (1, 'holistvan', '$2a$10$pmd0a.vlhRWPIo3DJWTAse6L7FghFv3ieoZOekD6nVxX7dznccgTy', 'ROLE_ADMIN');
INSERT INTO USERS (USER_ID, USER_NAME, USER_PASSWORD, USER_ROLE)
	values (2, 'dikomako', '$2a$10$pmd0a.vlhRWPIo3DJWTAse6L7FghFv3ieoZOekD6nVxX7dznccgTy', 'ROLE_ADMIN');
INSERT INTO USERS (USER_ID, USER_NAME, USER_PASSWORD, USER_ROLE) 
	values (3, 'testuser', '$2a$10$pmd0a.vlhRWPIo3DJWTAse6L7FghFv3ieoZOekD6nVxX7dznccgTy', 'ROLE_USER');

-- PRODUCT_GROUPS tabla feltoltese
INSERT INTO PRODUCT_GROUPS (PRODUCT_GROUP_ID, PRODUCT_GROUP_NAME) 
	values (1, 'TV, audio, konzol & Gamer');
INSERT INTO PRODUCT_GROUPS (PRODUCT_GROUP_ID, PRODUCT_GROUP_NAME) 
	values (2, 'Mobil, tablet, eBook & okosora');
INSERT INTO PRODUCT_GROUPS (PRODUCT_GROUP_ID, PRODUCT_GROUP_NAME) 
	values (3, 'Laptop, monitor, nyomtatas & IT');
INSERT INTO PRODUCT_GROUPS (PRODUCT_GROUP_ID, PRODUCT_GROUP_NAME) 
	values (4, 'Haztartas, konyha & Lampa');
INSERT INTO PRODUCT_GROUPS (PRODUCT_GROUP_ID, PRODUCT_GROUP_NAME) 
	values (5, 'Szepsegapolas & Drogeria');
INSERT INTO PRODUCT_GROUPS (PRODUCT_GROUP_ID, PRODUCT_GROUP_NAME) 
	values (6, 'Barkacs, szerszam & Kert');
INSERT INTO PRODUCT_GROUPS (PRODUCT_GROUP_ID, PRODUCT_GROUP_NAME) 
	values (7, 'Foto, dron, video & Optika');
INSERT INTO PRODUCT_GROUPS (PRODUCT_GROUP_ID, PRODUCT_GROUP_NAME) 
	values (8, 'LEGO, jatek, bútor & sport');

-- PRODUCTS tabla feltoltese
INSERT INTO PRODUCTS (PRODUCT_ID, PRODUCT_NAME, PRODUCT_TYPE, PRODUCT_GROUP_ID, QUANTITY_IN_STOCK) 
	values (1, 'Sony MDRZX330BT vezetek nelküli fejhallgato', 'TV, media lejatszo', 1, 11);
INSERT INTO PRODUCTS (PRODUCT_ID, PRODUCT_NAME, PRODUCT_TYPE, PRODUCT_GROUP_ID, QUANTITY_IN_STOCK) 
	values (2, 'Sbox PLB-3422T dontheto fali konzol', 'Televizio konzol', 1, 2);
INSERT INTO PRODUCTS (PRODUCT_ID, PRODUCT_NAME, PRODUCT_TYPE, PRODUCT_GROUP_ID, QUANTITY_IN_STOCK) 
	values (3, 'Sony Xperia XZ3', 'Mobil', 2, 33);
INSERT INTO PRODUCTS (PRODUCT_ID, PRODUCT_NAME, PRODUCT_TYPE, PRODUCT_GROUP_ID, QUANTITY_IN_STOCK) 
	values (4, 'Huawei MediaPad M5', 'Tablet', 2, 0);
INSERT INTO PRODUCTS (PRODUCT_ID, PRODUCT_NAME, PRODUCT_TYPE, PRODUCT_GROUP_ID, QUANTITY_IN_STOCK) 
	values (5, 'Asus VivoBook', 'Laptop', 3, 24);
INSERT INTO PRODUCTS (PRODUCT_ID, PRODUCT_NAME, PRODUCT_TYPE, PRODUCT_GROUP_ID, QUANTITY_IN_STOCK) 
	values (6, 'Zyxel Aurora 1080P felho alapú IP kamera', 'Halozati eszkoz', 3, 1);
INSERT INTO PRODUCTS (PRODUCT_ID, PRODUCT_NAME, PRODUCT_TYPE, PRODUCT_GROUP_ID, QUANTITY_IN_STOCK) 
	values (7, 'Tefal Ceramic Control serpenyo', 'Edenyzet', 4, 5);
INSERT INTO PRODUCTS (PRODUCT_ID, PRODUCT_NAME, PRODUCT_TYPE, PRODUCT_GROUP_ID, QUANTITY_IN_STOCK) 
	values (8, 'Jar Platinum mosogatogep tablett', 'Mososzer, oblito', 4, 3);
INSERT INTO PRODUCTS (PRODUCT_ID, PRODUCT_NAME, PRODUCT_TYPE, PRODUCT_GROUP_ID, QUANTITY_IN_STOCK) 
	values (9, 'BaByliss elektromos hajsimito', 'Hajformazok', 5, 7);
INSERT INTO PRODUCTS (PRODUCT_ID, PRODUCT_NAME, PRODUCT_TYPE, PRODUCT_GROUP_ID, QUANTITY_IN_STOCK) 
	values (10, 'Oral-B D100 elektromos fogkefe', 'Elektromos fogkefe', 5, 13);
INSERT INTO PRODUCTS (PRODUCT_ID, PRODUCT_NAME, PRODUCT_TYPE, PRODUCT_GROUP_ID, QUANTITY_IN_STOCK) 
	values (11, 'Bosch sovenyvago', 'Sovenyvago', 6, 22);
INSERT INTO PRODUCTS (PRODUCT_ID, PRODUCT_NAME, PRODUCT_TYPE, PRODUCT_GROUP_ID, QUANTITY_IN_STOCK) 
	values (12, 'Black&Decker csavarozo', 'Fúro-csavarozo', 6, 100);
INSERT INTO PRODUCTS (PRODUCT_ID, PRODUCT_NAME, PRODUCT_TYPE, PRODUCT_GROUP_ID, QUANTITY_IN_STOCK) 
	values (13, 'Nicon Aculon tavcso', 'Tavcso', 7, 0);
INSERT INTO PRODUCTS (PRODUCT_ID, PRODUCT_NAME, PRODUCT_TYPE, PRODUCT_GROUP_ID, QUANTITY_IN_STOCK) 
	values (14, 'Canon objektiv', 'Objektiv', 7, 19);
INSERT INTO PRODUCTS (PRODUCT_ID, PRODUCT_NAME, PRODUCT_TYPE, PRODUCT_GROUP_ID, QUANTITY_IN_STOCK) 
	values (15, 'LEGO Friends Heartlake Pizzeria', 'LEGO', 8, 0);
INSERT INTO PRODUCTS (PRODUCT_ID, PRODUCT_NAME, PRODUCT_TYPE, PRODUCT_GROUP_ID, QUANTITY_IN_STOCK) 
	values (16, 'Daniel Klein ferfi karora', 'Karora', 8, 5);

-- REQUESTS tabla feltoltese
INSERT INTO REQUESTS (REQUEST_ID, USER_ID, PRODUCT_ID, ORDERED_AMOUNT) values (1, 1, 10, 7);
INSERT INTO REQUESTS (REQUEST_ID, USER_ID, PRODUCT_ID, ORDERED_AMOUNT) values (2, 1, 1, 72);
INSERT INTO REQUESTS (REQUEST_ID, USER_ID, PRODUCT_ID, ORDERED_AMOUNT) values (3, 2, 12, 1);
INSERT INTO REQUESTS (REQUEST_ID, USER_ID, PRODUCT_ID, ORDERED_AMOUNT) values (4, 2, 15, 22);
INSERT INTO REQUESTS (REQUEST_ID, USER_ID, PRODUCT_ID, ORDERED_AMOUNT) values (5, 3, 2, 3);
INSERT INTO REQUESTS (REQUEST_ID, USER_ID, PRODUCT_ID, ORDERED_AMOUNT) values (6, 3, 4, 33);

-- NEW_ITEM_REQUESTS tabla feltoltese
INSERT INTO NEW_ITEM_REQUESTS (NEW_ITEM_ID, PRODUCT_NAME, USER_ID) values (1, 'productname1', 1);
INSERT INTO NEW_ITEM_REQUESTS (NEW_ITEM_ID, PRODUCT_NAME, USER_ID) values (2, 'productname2', 2);
INSERT INTO NEW_ITEM_REQUESTS (NEW_ITEM_ID, PRODUCT_NAME, USER_ID) values (3, 'productname3', 3);